Annual Income,Annual Spend,Age,Savings
69934.28306022465,43993.55436586002,49,3244.6281689598936
57234.713976576306,39246.336829127686,50,3387.7102162821493
72953.77076201385,30596.30369920174,57,12409.330308592458
90460.5971281605,23530.63222294426,30,12736.323986889834
55316.93250553328,36982.233136135896,54,12744.419176586822
55317.26086101639,33934.853854217494,27,8725.221032231511
91584.25631014783,38951.932200277326,22,9372.728699985499
75348.69458305818,36351.718016819694,33,11639.397620796786
50610.51228130096,40495.527153193354,32,10429.465031466652
70851.2008717193,24647.64788439432,64,-1096.501863737676
50731.64614375075,43173.94065634326,51,8851.001847124031
50685.404928594864,31975.996046923996,53,5742.967828698432
64839.24543132068,50752.608726252656,64,10876.05709454256
21734.395106844044,23108.121819104323,38,24926.29501301705
25501.643349739345,47359.63803165249,57,11837.408327371522
48754.249415180544,31979.107834626477,35,8432.35156913801
39743.377593311525,23485.819963855516,21,14609.007509886262
66284.94665190548,25161.141659456785,59,12413.439436046063
41839.518489575785,26796.5269180568,36,12100.472452259206
31753.925973294172,34241.65946401916,53,13034.252966078355
89312.97537843109,35228.35488035499,61,20282.71782414771
55484.47399026929,24262.99996061421,35,4345.557823370422
61350.564093758476,29756.45407739017,57,12368.160384057272
31505.036275730865,51422.70358611864,21,5368.094350092308
49112.34550949634,47275.43170100711,21,12777.563231711241
62218.451794197324,34363.23669674032,45,5406.567442569528
36980.128451553945,30380.034781682003,32,7913.165931974578
67513.96036691344,31200.313267182613,66,8524.550428810468
47987.2262016239,36135.17972730417,50,14879.083596723545
54166.12500413446,19772.074348015944,53,14592.27221971207
47965.867755412066,27426.23462576655,58,3771.4131177680774
97045.56369017877,13314.159261224104,22,10274.670554999244
59730.05550524132,33992.23122605279,27,6452.100726254137
38845.78142088199,36471.95939702741,42,3707.475446623327
76450.89824206378,25168.13537700626,33,8914.914747878149
35583.12700057955,45739.86763290033,46,8457.586057720902
64177.27190009511,17742.34336997659,48,22133.582431727613
20806.59752240449,15356.251197901798,58,12164.79912680348
33436.27902203139,32244.51818559972,58,3111.9124962288133
63937.22471738247,40470.98302612155,20,7176.129979145289
74769.33159990821,46839.27691457869,36,15106.916477146991
63427.36562379941,25411.1573713106,60,20442.213864349626
57687.03435223519,40786.808334312955,49,2070.0834388102085
53977.926088214226,29614.915304992926,32,600.3780743047755
30429.560192651454,28273.727000591804,40,19354.82587685891
45603.115832105825,38836.599374866724,38,11948.070886854519
50787.22458080425,36523.2287841342,38,5658.536340618168
81142.44452437831,14236.078430157506,44,12673.145430612176
66872.36579136923,44765.40349725896,41,-3178.7386950843884
24739.19689274532,43800.91354147452,50,10016.877532985805
66481.6793878959,23744.372984904705,36,11639.105864215426
52298.35439167367,33958.03533437409,42,14621.350697689148
46461.55999388083,34940.301862827386,51,4930.520238537311
72233.52577681736,32606.73765823907,29,10428.435807016795
80619.99044991902,24496.9484615458,29,5372.876869702063
78625.60238232397,23283.766320619485,55,11276.918778371586
43215.64953554723,29744.459290085546,27,5523.268388184879
53815.75248297571,41727.290192593646,39,7959.495804198897
66625.26862807128,35436.001545944324,51,5020.923026048855
79510.90254244718,26293.85667913894,69,13255.681209118286
50416.5152430942,37716.987106483444,33,14292.255583283328
56286.82046672366,1514.5737936992446,69,8826.897150212932
37873.300519879434,41487.65700372103,47,10191.189974800141
36075.867518386585,12602.862212219003,65,2757.0429268322796
76250.51644788396,26375.59058596868,43,8501.616759966064
87124.80057141646,18803.301053738563,34,9748.976914791276
58559.797568393325,17053.18524279094,41,23103.965455149875
80070.65795784048,41608.2678737852,49,4440.164871129182
67232.72050095268,25322.987986881086,23,17320.886193762188
47097.60490789751,33465.038817307155,32,14984.293867329041
67227.91211016828,29530.79421120816,42,11403.182022450681
90760.73132931939,34770.408272231216,27,18793.102420975665
59283.47921780097,30768.218910602554,37,11860.527363034314
91292.87311628013,17170.077758114305,31,11945.795978339644
7605.097918205116,39962.6681944714,50,9734.396734912274
76438.05008750448,25062.434168386877,33,16117.844412093138
61740.94136476342,14434.181013402489,53,15482.346169054417
54019.85299068265,25718.848390340874,37,6871.613562518938
61835.21553071005,45007.59790634311,53,3403.764027006163
20248.621707982144,38502.21742113493,30,8985.096813021715
55606.56224324976,26513.478655921408,60,5999.807178011768
67142.25143023493,26507.422956815713,31,9682.377126923224
89557.88089483032,26783.649487826173,68,16187.190673420697
49634.59563452705,50767.47983560841,34,7713.49172456605
43830.12794213625,33819.35452231553,50,9785.883093442126
49964.85912830927,34300.4164719107,68,10290.113674041977
78308.04235404148,40302.83454031842,48,14242.154411026422
66575.02219319368,32387.891590265135,45,-1234.446669923027
49404.79592465922,27409.57854179297,37,6966.498526173516
70265.34866226712,28036.501509150217,51,11056.418461397363
61941.55098696081,29283.98740585936,41,16000.394782134306
79372.89981065778,29627.777634901584,57,7540.487762468974
45958.93812245295,37276.2954363698,36,617.2364697906305
53446.75706804464,30519.458858072994,42,13098.557229830682
52157.83693735685,37326.400772155794,43,6823.188055871853
30729.701037357627,29192.834198914177,69,4051.6667045481936
65922.40554129152,30786.351903160907,27,6878.27305143388
65221.105443597786,10017.993154678923,60,9077.373211720753
60102.269132849215,39163.276747024815,25,6976.276677308936
55308.25733249706,33464.884758979926,24,-1027.8302854953454
31692.585158991715,39980.101098596526,63,14485.33098443566
51587.09354469282,1037.446218063109,48,16374.375206393612
53145.70966946461,50883.74704780728,47,13257.609956697528
43954.45461556762,28604.103718448263,30,4311.571647875917
56774.285766679815,41081.82816737516,20,8992.54233026241
68081.01713629077,19600.940728744692,62,9967.393423852709
97723.7180242106,36127.7390506257,38,12993.97194780955
63491.55625663678,19465.84436826344,28,13341.702443590404
65151.00781445529,23762.31039304195,46,6329.131006107522
58511.081684676654,49140.31353866786,53,10409.977782067803
21624.57569401917,28093.175992366534,63,12286.402023076205
59469.722491015666,32174.328731797228,23,17279.11161073383
61204.604198820525,38700.67730688754,55,13522.532699123616
109264.84224970572,34956.818879726045,37,13945.283436877595
56152.78070437755,31504.189051435766,34,10419.133139646805
66030.94684667225,33649.61002466225,32,17052.295726017517
59305.764605895136,54034.155852382755,38,12048.813979797487
36626.43924760936,29423.812029664146,68,5694.560449132147
82856.45629030041,32010.990467149673,25,17016.849850625953
75038.66065373548,40506.54396007612,67,13489.516362695138
75820.63894086094,41055.259329579836,31,7784.779894357589
41812.250904105225,41870.3030556038,56,7602.535163003783
88055.88621872198,36387.302220291844,36,11482.87772570381
31962.97874415438,18569.950872695164,42,12315.923976337923
71737.14187600541,46334.31532301096,45,10986.461328156032
103809.11251619957,18536.54606981312,48,11556.543367214425
40189.27349738623,33026.354652390335,52,18499.7868728819
48674.04540794456,22457.24149980642,46,15357.71576117443
61993.02730175282,29358.616534070075,44,10953.177956325122
49930.48691767602,33287.6241030348,29,14706.552903837415
28986.731378677345,33213.57215450273,66,4837.380482362302
61371.25949612055,34219.207542352844,42,11989.635249734045
38753.92572547791,46137.11269058647,40,19046.53174866555
69471.84861270363,34535.3430151398,40,8909.77052303813
41611.51531532394,27558.433647093512,62,5761.830356904576
90998.68810035079,39640.871682883575,32,6739.555557034697
44334.93415327526,41894.70488924641,56,4551.834813288058
53558.76967588649,17723.921848630074,52,6076.190459361484
76270.3443473934,35974.00069849858,43,8147.459507049855
35382.7136713209,37011.72742310898,63,2972.1649041067903
64549.19869208259,27024.36496640008,30,10078.091669748015
86142.85508564857,43757.06813311619,36,14511.385868933236
27850.335308775448,28499.44412967473,23,5461.219099265398
63692.677170646086,31255.76453471542,66,17596.41961820884
65197.65588496847,28269.281757161305,44,12553.960442637974
75636.45743554621,30155.790475814676,49,15152.902928120286
35260.985782438365,19037.24913104798,28,6710.8272307393145
33590.867738314475,15599.491174057057,40,14272.626135333077
70438.83131233795,45945.050632249724,39,4540.330498023435
65939.69346466372,21530.38651681672,38,14451.237504182543
65009.85700691753,20086.076505436926,38,10859.196698967657
66928.96418993952,8466.098863962852,31,12766.256099923918
46399.505568430184,23610.382523104978,56,4122.026971875742
64645.07394322007,16769.102065925017,61,5524.650788616977
65861.44946597362,46420.15160136369,36,12986.141091266923
45712.97163947264,40098.170893426344,56,5258.259978878997
97315.49022289514,23118.496548222764,67,12316.031460495615
69476.65841823575,52524.35805344309,58,3164.3109676987715
36173.93005594703,39817.65486991595,47,14240.87106333334
73131.07217267659,26751.686164913775,60,3837.383426157455
40506.36659545357,5005.94285126427,54,12761.499688397616
75741.69207484904,52909.42572590742,66,13128.154668230005
83171.91158014808,16104.275332364039,67,6516.140907852126
43586.353632965795,13546.012530431082,37,12910.132835423634
79267.52258488644,40225.7043200964,33,11302.21131666778
68255.61853872996,54397.52406339273,54,7305.7907190363085
76441.2031998898,43842.72818510518,63,4957.2265796189595
97935.85965307895,35639.091200523595,60,186.8715416371051
55092.23767994259,35947.54341665286,26,11748.250236498468
44925.27671285021,38534.15558780308,60,2175.9861431897243
42209.711407489536,37589.28589786765,32,10476.720997206541
43683.79430069123,32811.91423969376,37,8682.758919588754
58457.96581171791,31042.011039518762,56,13395.713877190978
66823.03949633287,29374.068721004776,32,8489.772502550679
65533.815986600384,22460.35411133324,55,8352.761068264543
76543.66498072048,27193.24923133226,50,13659.353521441477
60260.03783755814,13070.431858046144,21,11675.290145420588
89070.68154314633,29016.6037320525,35,11580.779785913892
54706.86333524088,20114.088928490826,28,12346.33794904263
114403.38333179237,18964.10682784229,28,2322.1393839644707
72513.34695530012,31798.941511534784,57,13783.94339993491
42856.848871674345,43920.02286344599,30,13062.343970068012
38582.15003877775,39183.166060023126,41,4916.584357117514
69649.4483048637,14294.99396376823,52,8779.597631628993
55530.74429348298,20103.718634296623,55,9803.463561861845
74280.00988184183,39407.71187988216,64,9327.516077991337
69464.75249147089,20175.126064616903,42,11669.299832842673
58543.42174686254,27753.668500029755,64,17156.833909155917
43064.1256386319,35500.52099024552,64,15408.833638364144
29703.055506282708,20316.555451363645,53,3438.904032842969
51069.70095865958,31053.7550614596,28,13110.349951530243
77127.97588646944,16659.745050817954,43,16644.66659767705
64281.87488260408,23986.323560487865,27,11934.042603446012
35085.22442576024,33197.81934142537,26,15454.902125929835
63463.61851702364,14070.062664683308,55,20061.352228503827
67706.34759457674,34404.74737960399,37,15118.547730534907
42322.851275977344,29803.622010733186,22,11246.542978208645
63074.50211891056,35524.89954417148,47,15225.442370423767
61164.17436892,32239.141340646616,25,10724.439165484457
37140.59404338754,43641.40429973844,63,10119.515216424777
67155.74720696567,31252.24502647907,63,8242.928821431338
71215.69052736468,25705.944588747472,40,17817.066794160542
81661.02486350553,31222.97503032284,47,5907.856670289993
81076.04104069807,35432.98029036388,59,17661.83862339058
32446.61264085818,30488.60070325704,20,12499.320618701857
41243.499201697545,30405.916912038825,55,3003.469125990292
70300.7053441732,22980.083121932446,40,11838.246464957108
70275.71901824417,23370.990824490516,62,-500.1325382581199
70300.95372612096,15973.947282003064,54,13127.540084155178
137054.62981309442,47495.76743186939,32,14426.157414944955
71417.81021386334,17561.36764608715,68,7038.220221739732
82711.31280361197,23070.948022040928,29,10617.738479777912
79080.03526986405,22815.927344308024,63,19770.78716875143
73027.82502611596,38949.24376944441,66,7471.266478690317
53694.61510719309,27050.50321707972,29,4705.462064716998
75179.38440986535,42477.42072673734,65,17408.317012312993
44543.495709248564,23265.093757561313,32,19812.935952653974
55263.62786519982,32789.94162223802,56,10018.478359239236
50292.72904341793,21646.529467402426,57,15057.315177041783
61637.482787726454,51451.49127773388,43,16707.379577654407
106293.17133347018,18124.01580970487,21,6287.5788373080795
22654.696148165036,33098.20710227027,41,7573.470823160658
73725.20380749027,36337.76880932099,36,16154.372565773676
27745.682576206967,34137.990974514985,55,18425.071393542545
50561.36268421133,28147.123411222918,33,12814.404300871774
81779.01193934731,28701.793002665738,29,5600.9282324897285
61285.60038190926,30438.114719791098,54,19935.305558497206
38445.104441413874,28529.979983715115,44,7345.145510940178
45693.925814800634,39638.79116794909,22,8324.31109414274
73591.95497869351,52105.23001591351,66,11711.689172448107
45392.66736565727,24425.082149921665,57,17770.80210357387
64329.1717916395,16301.970204209221,36,14269.879882761117
60911.436798076276,29117.179516487453,31,12074.327501809552
46967.99304788366,55797.093376543184,43,12316.442650590532
102878.8817865065,21963.25432030269,48,10217.573343217331
72678.38044636023,46391.16805444067,62,12790.697572592531
19497.148266847857,46777.0081407644,44,-2647.8003884715145
63729.08629538855,24464.117582920055,55,8516.962704651009
46764.27070463224,35689.83079185276,45,11206.609674583906
77048.66669592448,46283.966231285376,57,4244.929581902465
44149.58523134599,26208.72259012513,20,11931.6165890578
57705.27117066202,27964.196398976383,39,8977.643895069392
70099.74557960914,24183.19086051356,47,18777.378491577452
77315.10388340242,19852.43269307133,35,17865.098626074283
35994.071858884476,23507.224549339928,66,7670.972154409186
53309.97528318103,17760.597332377434,36,9245.811442166523
50501.09377678088,30340.83468259226,59,9630.262171958037
46933.41534852576,22300.26768941358,47,7741.702619201887
95309.08480562194,32337.859117907476,31,10975.124920140634
68099.63421921911,14441.043537963727,46,6208.589655562049
34782.320913299096,33308.80232214457,61,4346.923325312368
78357.23894109552,38335.28961608925,66,13113.556119501343
102443.12394025267,10062.643574285445,49,13147.647921109054
80649.30521102293,33740.56569847572,60,5978.421201700038
29612.60068091973,42276.68992473292,53,14476.777153812998
50315.31854267497,17903.589813087943,56,6842.111354173343
85338.22298373246,46725.723868377034,25,11265.826190189906
45846.61068762439,34190.19009366045,26,14101.72006306228
68876.38856292456,22949.881442415914,51,9831.937176481435
75492.68106858674,29442.30922342294,51,12273.704560705672
41461.39056843834,35583.26912521722,44,7417.851780562141
58809.492878763995,30760.053914124113,52,9017.667082859514
-4825.346801381449,35387.55992446369,26,8970.702845598298
39512.2471733142,20793.264069206336,31,6267.108267298805
54948.636972136796,31693.60824036078,35,9116.12918442109
35044.33636070301,15862.855030950199,35,2256.9085056812664
92648.22607863271,28887.739386512996,62,7544.231264289477
31397.172440787348,20960.923585352102,55,8575.622533151645
51199.11026606032,22644.700574102335,32,8719.1012375231
62614.81154572183,42360.93175210437,26,8792.512770646106
88825.4657813223,40913.10120594269,55,9691.179000699356
31282.756976411212,36091.38120907177,66,12397.20759043032
83263.27504309919,19076.872353274208,28,14372.585370662613
60204.66122039174,26835.91550305198,51,6751.173865758665
40369.82697904098,42130.976999791834,30,3983.9957230542777
69242.06948526541,31417.169136399047,27,4789.777938784485
63981.1939114694,53193.29539981694,52,7563.985394025364
47995.66245682411,33933.178393943715,42,8240.393410917455
61396.04169980038,31920.491164900315,44,6150.019669012714
52293.7280627648,26908.835357974986,27,3519.4166787505274
62270.34690502496,31335.409047822825,64,7719.395862629059
73242.61349042093,28475.301636194563,41,10907.133100569858
91720.33632290704,37081.08676688591,23,12975.147329177824
35243.690023463016,39567.02316794584,59,7212.884734458394
102660.66749312534,22140.105394920505,22,7935.01088928283
20958.244009549962,16687.67046442222,48,5366.508455763446
56964.29809928833,11637.946268967033,60,9842.804148126117
71766.34412969153,35079.913269125434,48,5757.856829045927
65619.83735470065,18966.33393826126,53,12865.639066206
47546.00960358812,8471.09407047517,53,1070.6675403294448
55837.55499285449,33885.786045309644,47,8201.851637737687
50139.98130682334,54929.99517432791,32,11505.53669595871
48212.704861115766,29939.290884601065,34,10919.172581612522
76992.04194042049,38384.907744516415,42,23465.168319902485
67140.30971930095,30818.29358547565,63,11749.000122839538
46141.80809478692,29011.103468088575,45,4979.727015789948
77991.99750866502,39190.764829877684,23,9522.678764554636
66145.99041753219,27097.254558113487,45,1118.7683326677416
76257.2423767792,32673.92314071903,59,9597.001253516195
72592.57683847225,33216.97806196014,28,5834.719714996207
43420.09978155856,23319.095463569513,24,14576.951377800808
48796.37919606061,39920.42349536523,51,7252.2986270223255
74945.87210246523,28250.402433045914,39,9416.170421023768
72207.4053086693,22442.548405071553,69,6822.210792977983
59581.968120717036,35365.098435704036,30,18694.256759266656
62346.54766617564,21015.32018208963,34,8393.786169410441
85553.29791576849,30281.811573691284,51,19162.78521739601
48168.5722232834,29908.810033557966,47,14070.758810591333
70941.94762340076,40858.95565831578,41,12410.33363667693
55956.14695132212,34746.982328799524,60,11843.665736587598
55646.375935455595,29749.73041254856,36,11968.986491081258
81975.5370397438,38177.66299200287,45,361.63710327195076
76508.3269797606,43902.075490173134,63,8605.583029246218
76270.19272001277,35578.103063518625,26,14225.789855921608
86109.57614308658,30103.526198433807,61,9755.514082629472
60420.076832655184,16881.637676498405,45,2974.050765982125
73639.05942589928,19348.863369246275,44,9737.977747112653
53794.66486813088,26947.752956453325,29,18520.527581277456
66483.32704976884,23904.877978407167,64,16234.458577673598
57397.13891264631,28130.28697014554,38,9689.97995316984
61939.919299854366,30566.49924897107,30,14757.246385290433
71903.14050873827,35296.927543567304,32,8167.464898159741
43635.58633533055,29295.012219409087,27,1480.6420658664047
101847.7455137092,34865.01643826202,59,5377.670059352228
39879.65237000596,30644.744148101203,23,17814.44384254099
35716.227744245356,10245.334336461288,66,8630.034590853478
83162.21747000136,20606.646061812455,50,8783.08010312491
75833.25387925871,28559.124442783846,47,8500.809018625598
72482.3963410431,17903.052571588923,30,19520.682947865032
72566.9101852856,35999.287299962045,62,18129.794576810316
59755.06454306171,45307.508323436974,20,21093.90116724067
42054.91257028337,42187.61851697317,68,9204.773947999744
61516.091163874524,27865.57129069792,66,11478.122443735476
46456.76576975777,44907.261368499516,57,2416.7872528960443
79502.39466835503,31486.674572021115,43,17384.672130591374
57058.852369957225,26629.140288819606,66,4161.102243660325
43490.05606414977,23865.9733645906,50,11083.877818813145
53572.283166940135,26975.303135118716,60,4513.48736183578
68258.62908551248,26118.231814587714,65,7055.665866306519
48725.508943920504,31704.162223754876,69,5813.687844751498
43555.59208867137,31605.739810498646,45,6960.623696620911
64873.744229838245,30030.460201534144,68,7304.386484255107
64899.33142217446,34369.3816974635,69,7258.656025374615
49861.1364925774,41906.462747863414,24,14166.669558901536
50579.23388763354,39495.54135441324,39,4475.686034687399
64640.99874715273,15151.020315500964,60,11102.707135069335
31038.313170053516,4460.788650980452,30,16089.795761527792
31850.724512468896,39343.19911239274,52,7434.018177433019
45631.11557495128,16331.21301584579,69,6410.405546261991
55731.056965763055,27752.345981073166,57,8847.376874098745
66218.15131196009,18298.869739406407,46,15898.62604180355
89507.12433899104,11980.195624199801,53,10970.53815476679
77153.19246404039,35414.62728204788,34,7343.928526962008
56801.229400731456,37591.55160302647,51,12419.383255940198
59619.67584194622,24234.895992732807,40,4488.539250817884
39949.41270724383,4089.577078550901,65,13406.797552214739
59629.7372801522,24537.55551747517,24,12043.036538508837
54226.82722159723,33918.04005402546,25,8460.95764430558
66454.37120676179,15210.884312258713,57,5807.071007763845
43455.38112895354,31833.599197791555,41,5566.595388582714
70386.93028482345,29846.901508270046,37,12674.08668172955
90654.77826005155,35792.914996010884,33,16144.90251244531
57824.79703086285,31195.803684141534,29,6813.461264856026
68034.23444197883,20269.310591184447,65,12291.933517757421
73802.87983422226,41965.715016644914,32,-435.13509301034355
51975.59056228327,28414.7042697303,50,7076.911346714002
64481.84963620834,29726.954604900682,49,9844.70533564549
60251.8480156359,20667.32040926804,22,5451.582915090832
61953.52197097663,25567.177488084897,49,5317.46812605202
44539.80432289067,21151.97285973099,25,6661.102217655569
60490.203485178856,28270.53940076577,48,11460.963641631866
69959.965824909,47117.084801423436,27,9063.354907968127
89022.87215590084,16280.988570686437,63,-1191.15616662486
79185.41652170414,13864.386021232589,64,-603.5007631753306
103063.64915023113,44711.70327493609,62,6965.674110714122
44653.048742239014,27906.763228481337,63,12288.43293026776
77446.41273441356,23309.272613400834,52,-3737.524213626173
63666.84011476704,40399.04687396076,36,7501.349119241847
103796.05866435345,23943.844602631358,67,7368.760717412894
43834.03429289697,48260.09713546936,30,16941.68889104224
43205.56315638448,36779.25871339269,32,8074.890941435682
48012.14709111956,25120.885918542976,69,11914.944923704643
17522.08551380386,51573.082132655036,30,10706.285700437316
49484.899566384775,23942.850769966615,50,-652.8323990360022
44817.34676892604,37420.95372009307,47,13841.036083158686
63007.87572952415,32992.92580406492,63,11076.98252728144
66835.11951554319,43017.41289398798,25,12541.343198372948
97523.41678431773,45615.11196726853,60,29631.188532181633
79008.476763721,30320.041490657666,35,-420.5646974929423
48461.92688675194,22465.821296538164,23,18623.48324880554
42031.70657303284,34599.72142939117,54,8562.762402998222
69838.38343013011,23222.846302478938,67,11436.644522015047
33595.335859587154,50133.87247526623,45,9772.43877349379
96629.17531708707,31365.353310827373,31,7878.818333009782
83588.80241442574,26346.784486878914,30,7150.835358806206
50616.4869579059,31846.803058649086,56,11647.543677865046
25737.30941818245,16528.737104703036,44,2414.1315166416043
87077.44748330826,20283.859614893485,37,13752.895837608829
57709.20309494764,42004.139079444256,38,7919.02797557373
84756.32623946923,23431.057210286042,42,4349.653304798211
28111.44682411266,19530.890173180604,57,7749.935710020931
48012.499540924546,35366.52752527286,37,16285.746084312865
60104.87399436366,41857.04154662997,45,7323.324564918885
60939.61187529484,37189.53310665067,25,11792.268091048101
50998.69057041513,39960.476858058166,23,6345.218621422633
72456.99864694997,22432.04911430539,63,13789.609249618097
38647.59141234811,15781.893332581563,48,13427.53869395102
57152.41029957413,45013.33651955487,53,19243.044166482057
62405.912634237975,26773.201611578643,36,9122.180272503923
70288.77668117498,27491.669835449527,62,13343.274023789534
74232.2975617778,43281.941418490576,62,10490.337697694722
37507.15816324262,35562.3000940066,35,16479.358909315073
29317.716585287555,34558.877720816075,21,6405.838061956349
85553.53643797018,51650.02344901084,53,13725.026564386406
66646.28023959184,23564.81769619857,27,9026.513519416592
45030.26926886893,39278.40128081237,32,9679.059114457512
91023.03951045046,30570.131248970843,61,10458.762422241864
62313.49268585717,32685.922788632568,27,11261.201982133387
83585.94368127652,45284.68426412532,49,9418.854784390209
61350.36962820218,35078.357562896235,51,11073.565915852632
101214.95849763975,35382.96079049633,55,17890.590287810923
95106.81684886408,40725.07337309802,66,14927.248428076091
55020.71703041853,26350.472704571148,49,14345.772962484483
79431.4190190871,21607.903326609936,20,7722.302369880646
72907.51899170295,19551.908059789665,62,5553.795858858379
87372.63115064698,10336.434106239984,58,14776.502791188765
40701.53078839791,50562.07129940322,36,14380.23396264897
73721.02919996879,18967.916342783166,39,17363.35337875491
81168.48973699176,27787.46376414228,43,6980.096870153852
24825.21027153771,27231.867001110793,69,8852.256723198265
36334.829746684496,33074.06697809101,41,1802.5791873728285
19215.356444797988,38157.37212539297,48,8037.644469695635
54611.86331110884,38604.734883597455,41,14982.852552897235
74350.84511591925,24169.225614310613,63,7667.52310385901
90047.14104192056,28328.782862135886,28,13202.398976004119
61481.895608395505,32825.799504883,56,9047.484470010942
92572.31091142584,27513.08873816453,29,11620.285141107803
32397.970835702174,46073.455760199926,55,4261.543050921663
25932.35121289691,34909.749516382515,56,10426.047248169505
58889.046022067625,37348.77786049817,47,-4955.679854503616
67681.30897878614,36628.81268667413,47,9065.519209190075
59346.10503811814,41734.73857485325,61,1847.6337814242997
18651.15799920247,31810.21558703707,62,16029.97258273408
58217.59920974423,17031.680520441536,40,13887.036763822556
33910.609989902936,33996.87951752642,43,12333.354909830405
73393.45097660077,23486.43106208171,61,17605.0311357969
67331.96492193696,24713.833182502432,59,5255.417395875814
41202.40427345289,35863.64018755093,21,18736.815989577794
49722.66165326613,42382.830714336356,27,14660.957821301923
38815.729562220964,30212.715767360616,67,8817.22356390527
58746.41805453656,33088.33012598964,46,15678.10073591472
79102.84641002477,47022.14944635238,41,4468.532437941829
40285.47907328913,32407.531794885683,56,5877.429192361632
70080.93031035688,56016.83114180395,46,6957.051383801498
49394.84763255119,35655.09645631544,48,7355.111459679923
44142.543354753114,12392.372408441825,22,4717.211786198736
57859.39280090884,37533.416211045325,63,16115.415335476624
39295.153551612515,33811.58384882778,32,8705.727998150842
48927.013893056355,42897.527540827454,64,11762.524841784398
36042.44214822303,36731.813512699584,29,7148.243167931598
99294.50265832778,28615.440160162263,55,896.9834972574135
60705.27103943457,17757.017637106343,28,11350.28679195711
46005.489840148286,27909.767427139748,46,438.72512290111626
64279.59821468444,21494.795457907,53,9656.829769572658
57753.439006183406,24194.765501952774,20,3158.424805835948
55580.60800933554,35885.7840442061,51,19936.379996154043
72283.3340008685,46699.04504351407,44,14556.813610873609
75150.1542009461,33946.715298229814,48,10528.768956357402
49389.97704778945,18041.169379648156,26,16318.533388273343
48483.635187106396,34446.02668220141,68,5768.420112671321
54498.96605696712,41966.31486645651,22,12717.396893350466
13961.576705288302,23902.170956806178,39,10999.052168593567
29696.178756028956,28659.828333270823,39,11320.100406668349
87337.48534889049,30146.88194729197,49,16361.767500533839
92899.35427002568,22151.016869177598,54,13662.460513899012
55019.27920887243,36482.80433843859,54,11443.618314125117
71531.13926111533,28790.518513922183,68,1725.5628188585197
66225.00309087073,34195.324439070275,58,5199.768523602681
121577.61616910476,21125.078221978998,46,9386.45533202138
82391.49822869153,25625.416996765896,45,10466.861871383257
57441.648170384666,37223.81357827771,33,4348.9813766303805
40889.191187991484,26271.66847908233,36,22058.383377892103
27871.07359484855,47269.63851233405,37,17581.970276267864
64069.27271734446,26003.638143853976,64,13010.591601962416
44872.98509431393,32246.84725751886,48,10360.184306418723
31554.925808046515,39325.9083187309,39,8938.955150494241
47068.54231514947,15816.342670669683,46,5240.407699888822
38369.0399277121,12391.911880192241,37,10387.402592594313
93742.83270145129,14743.436854299052,23,11288.762700713753
77632.79513898901,42625.84103427182,20,3791.1971225918787
59840.547173667655,24481.41854107553,69,11670.882086224487
89598.88277780052,55581.992856682526,20,9223.704755876257
61547.36615295237,24357.524013426115,45,460.9622106130446
42774.31597343473,31845.51303197037,64,5698.074946102491
90462.48154539315,45421.09952567876,39,7931.972332891779
70778.20087369317,50060.92888159123,42,19438.43828670095
39255.07691347087,50615.03576636397,29,12782.76562266879
56193.22643832784,42083.66230593142,30,3322.592154500543
42487.634932304856,40240.625258114625,60,12430.181447088185
32344.00538071328,35925.26949201183,60,2263.4800553081723
78523.55095063282,37783.61076166638,24,15413.455269435366
98188.33280940261,24488.142836714665,20,7644.376740910608
32028.648523617176,21818.01116577693,36,9531.819056304146
71259.38473381141,29966.25542589048,41,16628.98323771095
46987.14861756346,28298.153774750717,53,3564.1821570787506
50257.49232470608,25467.719506727248,64,3014.409074435044
48152.121515222614,36963.87447456715,60,7082.003368269976
42720.18460640368,39553.05208570511,48,15191.894255096584
60970.43255889654,30884.068862918473,23,2403.2696226157877
43380.997671779245,44775.30081055262,24,-4160.777990552844
65409.13651559678,18583.10885866495,30,7744.205707955007
58995.23781101726,28063.40540720282,40,12758.703999554602
55221.03906267181,22831.77679397195,54,16001.308748694148
41848.72675916804,11334.633829269402,31,7684.193189573005
48464.57338863335,29173.193141573007,45,7942.866964419987
75107.82451651512,28782.524916167164,38,15769.503671278737
70018.34375248762,45134.49743242131,64,651.2915015228973
40448.89510402898,36308.116845547775,26,8057.396124084954
61986.646108584515,19758.131756707953,66,10952.119449625288
75027.74246743578,48540.925663341885,26,12246.093606425171
26611.894377572564,42210.33695525353,45,7450.966534045587
70867.2038475987,35820.977034686155,59,10172.205058529207
46747.52482108307,27735.15901150168,24,-2441.636767064947
71411.97337186319,20405.607632765204,40,6708.757938330758
44734.81686914966,26277.93223928947,33,12267.543562772336
23902.35798670962,40887.48619704186,23,5088.529828726602
27449.151242336746,48845.86305934609,42,10294.921107947986
60961.69893322764,45432.43528272189,61,12234.36250401349
65194.45003442964,25111.50578213726,39,8287.253995711175
41913.667497911825,18803.825667109886,34,10852.318854982854
72771.84917554748,31408.86246911204,69,5186.337173576939
26769.598754620805,12315.606344371485,64,8966.943601519766
58678.40402705367,33231.67714184782,48,13051.080847946112
35779.676004750865,28523.974137013312,27,10784.864804842171
46963.27784395682,25339.634981317577,60,7067.343652180322
60947.97342632828,14052.969327332046,67,11121.082021453965
42791.73269432095,35136.001065697164,38,13573.04895318309
52308.88911540349,24672.991603380884,67,-249.7063928873904
80125.85618428882,18300.83164289712,58,15795.370324779487
48462.16260953702,1277.3778671835062,65,8318.72630659464
76713.84224130283,29724.850949493637,47,12127.449666201152
37405.86290684764,47722.515966697436,65,15986.234618226139
70596.08355830566,46612.5921454787,46,3141.6315138476702
88831.37241315801,25429.03743413728,23,6452.794987862268
10567.109997454216,23977.879396382195,34,8557.256520621477
44062.094890590466,34687.74256075024,54,6081.232394377858
71541.4425436108,20016.145608117084,56,18674.68287918404
55939.092279140146,33017.91899819466,20,5716.139530866036
67422.91746742617,37660.8027838469,22,7222.266102565667
47920.29626568359,42269.332238843075,66,11021.945158014883
61731.795749458,28998.459235200473,43,3989.252369619556
56886.45529215841,27963.262498230342,46,8021.59644121868
83355.64123319615,21220.17413243439,59,11587.266306250876
65088.416866024265,21731.1964596014,55,8335.697978087444
66752.05324150404,27735.211080984733,53,9533.06570550026
51762.460677550655,33673.65506816178,48,7353.339437758146
50247.87551855013,39135.846262332496,43,2427.6484540961656
51348.836243607584,21968.21049319655,43,11607.966056696194
67889.04284756594,44926.88568959522,61,18774.665358236205
51580.31038359474,27288.763989574312,23,10092.008153917192
65795.49713792827,29786.327056515638,22,11126.320586237747
101508.01597290878,22527.883208521765,53,13463.613775584297
77422.49406863385,5757.597397270583,68,3653.347517266504
53479.52935664318,38840.4539636105,42,18512.573290648026
84024.27844327889,37368.43897092433,42,11011.64398211401
51838.49253956897,27186.724428817866,64,18159.284495445543
19237.50929644292,30669.90717224872,24,6334.8350223800535
39838.27378165192,35159.392177040994,50,19090.309612789126
22584.161579482883,14374.541431134574,60,13875.777470173914
52969.730319173825,24709.47322653705,25,12765.200429261793
60368.367583791034,37942.64679621827,56,11170.12227176574
93528.74624550565,17457.105768307505,29,8757.356909627753
66538.54747528325,32935.57932166629,59,16002.658292369364
55617.98942382271,16434.18195376595,26,10701.799349240235
76588.11162366979,34664.29982433526,58,164.65148206423873
15777.2938198423,29643.585177025165,57,4414.067691464988
64712.29116217132,13848.681840944906,40,9070.771239036263
75417.30387773934,41647.393544571714,39,11549.994915827776
30428.27508440317,22654.084232019508,22,9717.057555500522
82875.08086413858,21897.47562985619,41,16094.853948968317
66769.92814988828,32005.69197230943,66,244.49067980687505
51694.24172198398,41486.37349428715,23,10717.9396825258
72655.6373221257,19841.78181021603,47,910.1038730642267
105413.85715608792,30616.798498479715,31,13798.561477420842
63637.3251011699,34288.16500330573,57,9527.706427789986
64964.41172600672,36931.05607263144,55,12098.04986012059
50812.782009195114,31764.41555277225,66,5680.585197051169
43003.112610704164,26329.721609166776,60,16397.324658288755
76606.71633088491,21724.097793512803,24,15208.623320294257
42878.323481822656,30861.438830463747,32,12917.721515059438
61431.32474438785,19278.60988014393,42,9352.413765682797
50446.851064697665,786.495165053926,69,12899.28642647566
69579.59651492783,34365.598041576675,49,6465.537160063255
66673.24210573896,39039.34841086195,56,14277.77829510356
80750.79888515799,6370.675644581617,44,18247.404471619604
49799.672022905055,19902.692952900623,67,15353.05279989593
54602.50129413258,36191.542610051976,46,6351.987650962952
40424.72568435385,50574.95469711699,33,11807.086586365514
51114.13479847777,30207.93707675408,67,3534.292281206761
67546.00986089704,22719.970587708656,66,12861.951555878379
75139.77233290704,28171.0355889516,55,12253.017064312695
41556.69351644749,43748.76419148185,58,650.9183023391797
77392.1184021132,23540.358208754646,35,4191.080780438181
87112.75717609902,22008.079933497465,41,8584.305516281165
68268.69806447401,25172.564778179676,40,8495.701264295869
97535.91625116131,20466.713917412875,40,3952.6153229059737
44524.21601792854,31226.703159947956,27,11944.893646760918
35106.90593377166,46246.784584695604,68,11257.36804470256
24425.59502191443,33230.79273116029,35,9028.654340107403
89920.88622978366,27476.464978737124,50,6221.042499208185
73087.31312708116,27081.88731084456,61,15243.535632082818
58888.3065817909,14368.09191303343,29,18277.035565441474
65599.3725263964,38831.09777147159,51,7582.192580767314
37490.21905403247,29221.62802987198,53,6939.165414225896
108915.03959233653,28195.200864093742,28,12456.038327059981
62584.42363950455,61931.07567844861,36,8209.85310126507
62187.895892097855,32987.52908365686,30,9303.013996683829
74515.33247797383,22482.089499048157,51,13698.265758623356
69620.18463473427,25736.42403794457,29,453.2195624635351
64477.68048558263,41484.457091967546,41,16591.511624263345
44190.51089109376,31132.704105377645,36,10363.402621646706
69429.36714271992,15617.220216826334,23,7942.534277189099
97640.48992950068,39192.28934575203,67,9553.829228892755
86908.40092309956,23318.55914461006,66,9812.146775102594
91863.73253278794,48732.977762175455,44,1343.9934827753732
49775.6864713763,40800.48065714649,40,17474.691137266178
40207.903594828385,25526.781043412488,56,10206.628161353092
57484.26159800704,42810.16361735113,57,12215.010652236877
61114.498245773895,30678.555105274034,68,14757.748852870214
81883.83036941897,38527.7367512222,20,4894.187712198499
26150.707405703615,34847.32817294475,44,12367.359495176142
90591.00638921227,21536.433450091266,55,8661.794545506033
56839.842028420215,23564.50167682538,36,14233.853876082469
51462.3786010516,40299.60817581161,60,-636.1371017574766
39757.91249479665,26652.246678934593,43,9504.528498793656
26902.866562684612,25963.515367580032,21,6985.896721080192
76463.41167923828,20448.77420650647,59,12161.314753170776
61466.359343768076,34235.99065593461,34,12350.220936841011
34200.782005178924,50625.24919243145,51,6461.87052588987
34098.42455872768,19324.67085745727,58,6439.130679119782
53284.306014197435,30242.19456672758,25,9446.673157213352
93380.43050578787,44122.205554154294,20,5516.788863423959
54808.1729727279,29203.586087542848,66,14209.918477260635
29937.140937637876,34523.717962497336,42,8153.963997762769
55085.138718281116,19376.064718531205,58,-4534.941096608207
54545.52860504659,34283.070972076486,36,8125.88971689097
6062.267141168566,28128.557349954513,53,4807.280895780138
58914.102669643755,39857.299956798626,60,1843.6209226952724
55381.30939582644,41873.86051564751,48,3812.8668088871373
73924.12729626837,55895.63642018614,28,10547.04235916485
96979.1218989069,35796.33173213575,32,16643.204141241156
82531.30059095514,33257.96316582167,25,11565.9223693249
54622.22618890339,31943.84301577336,25,6967.483058921302
37869.48182516659,26468.33707189312,39,12279.520975853513
111467.1960649972,33384.83843461691,22,7704.548448905041
61184.368680289765,27045.985898609706,36,6526.998154184277
60278.58583825892,31684.609762696142,68,4228.186658835078
59517.49825779993,43175.975356079594,31,1240.8559662414045
63961.6952153571,19934.57434720359,67,8050.381467202773
57112.79176152115,41398.785611290456,66,10790.267449600658
48526.75986239527,43171.15067339865,64,9516.881649925552
49062.821175192155,28819.314730089212,20,7920.165360263207
59344.93459568003,8781.451009914053,36,5271.269696516094
49131.5045773247,23921.780129055674,22,13041.230958424843
45743.084346456715,42969.94546561109,45,3414.340400267075
62128.60455383794,29771.31937701118,34,13880.139569217377
54900.455651582895,20006.97767705089,55,4988.914905366376
90079.85977165378,24952.250787717825,51,6237.823813234825
6980.603832139757,38406.20026504553,51,2666.0740469216153
81830.13703844923,35467.33568201379,23,7492.989265571817
84921.70384995258,27610.679008303057,37,14876.562292389895
18532.195351837014,26331.755881853125,68,12578.140442219783
53146.24811839302,26082.41850956178,38,14892.110560140176
52571.18268008417,20775.898155014977,62,12610.712729669678
31849.766105643575,46153.756894694416,54,4481.650857348154
44443.66624818249,26776.7953078866,59,8346.053878362214
37788.483090683425,42171.58520825497,33,6099.004354412687
95045.40886847246,45213.16051922451,52,16652.8745201952
78713.56786294922,39983.1089814796,33,4016.056767868442
85431.10189988317,25683.796872819516,53,14468.488446945554
74433.4412808647,34037.30090336609,23,14464.769350543847
37418.96457565542,29758.04393609084,43,19148.101008580437
49509.59467440453,20962.98139269872,48,7951.567036852513
69787.49122455835,33243.59281721603,38,13561.61079790081
35557.44382216109,18209.602088401974,25,21408.259182694215
74259.96860344776,41876.79388461564,52,6911.791615331516
55193.4920368373,25353.82702701607,68,2324.7987623382014
52503.58384900805,32011.596558728394,59,599.9498304611825
74219.19936406983,32832.87871546142,38,13563.560144306657
68885.2662297208,27410.950262959228,20,584.2489597070817
52780.6766836184,35866.93801475275,24,8138.404735310386
83186.59606728496,25250.963433774756,46,12186.565935194803
38378.73344800205,38712.97297457244,35,10925.877684149571
72318.71213888528,16540.203197532515,25,12127.224320920861
71862.02515936768,31263.795795464117,59,11111.44927900427
53809.07121372019,49389.28999058285,32,16394.329066566967
66522.66044484236,19996.686753944254,67,5238.418096306015
34977.72847229394,23222.550294751483,54,6615.024307707343
78480.54038413802,35139.07849658915,38,6136.70277364588
56301.95727114022,31795.81781939598,31,14150.95905931305
49545.539589619206,33506.30099273559,35,14501.992941975317
80980.18451673779,34891.87130147663,62,12256.126596592541
45913.126189144816,36347.2146856177,29,15917.468334449639
31830.774072728807,41096.99841956223,44,4109.795663118097
28867.416529521925,34098.18656928513,39,18336.120557755683
72120.1990269128,27587.423453814576,50,17616.193108561292
34391.41295007434,36725.73701202731,23,13678.109986228734
95095.8836396873,48998.81934895215,63,18908.9945438553
18361.411842325557,28673.662536174263,42,1716.8839616111309
93929.12736580076,20254.706953293586,21,7377.759318686741
64220.34934405237,41070.80669286973,41,6323.482696590238
58065.73776259215,28796.188360464017,56,13607.396618786715
49101.618263821,8273.304539859637,27,4749.296301989272
67982.72228704141,38474.216771504216,26,13787.475746687427
59247.30595150303,24646.718140460773,33,16852.680719983568
82066.03764033043,29094.66717695839,22,13476.014500419997
62284.552973240796,33319.80330569015,69,11418.755118307505
63006.035229237554,31904.996797790664,35,5060.6332954962545
52727.75575572289,37094.518171390395,38,5765.745169373177
58861.08752557865,25645.136294301567,37,16248.094526483334
66156.03537784118,35131.05798176082,35,13896.745019526661
25796.632146867487,27404.533224160827,27,9804.902403112279
33036.291557885736,37388.10480887503,52,7910.452271170547
74865.2818804543,36153.67484013054,68,-129.03936555688415
63417.30876255884,20645.612979554047,31,4645.737906577806
56320.33327294642,40859.821161750326,30,19557.09543569862
60368.678661307866,24640.365548859518,24,3597.722144987666
66951.63410723342,38080.577982811454,46,10947.399106105404
49204.806393812774,33672.8731340134,31,15037.219865975992
44433.905491953745,48381.83676795123,36,3725.3866599885378
63916.90510195363,27765.34017628148,25,10923.552373905417
40432.54444769936,26506.832038818025,52,14689.577687553276
68165.05511428944,29805.803941122675,24,10062.496609536252
25948.327915243193,26968.202171657245,47,24342.01527833384
80583.11274651287,37999.4190194205,33,1657.003705609024
69451.94964826087,13836.89391563412,24,15293.642649419395
65120.594686277516,19463.17580853646,52,9135.991313017677
79653.81967891028,19321.970784208068,69,13859.600774183375
93309.48888925153,39503.075919735755,67,12206.53575849623
80287.4013003626,47106.13372581925,60,6334.219014450017
23182.515373367096,28955.507814625285,38,11144.9819622967
34408.460665285966,28311.782768099893,41,710.4927430085645
47503.628446086426,30700.521631131815,24,13016.23750285697
60521.821004216676,41618.7830260819,21,11490.792329952628
70353.18040938246,20726.468658094258,49,13193.300843215511
45485.12373693069,32383.68982734785,66,15290.59162543575
63735.33528954157,39751.976297824294,58,11838.099201048555
44892.34135293355,35010.94169939845,23,10740.44709899138
47769.64394016103,31895.816165987435,52,5594.658316693539
31866.778063035556,40010.46092567141,32,6438.896181754745
41535.335077781914,2967.6770700076268,39,15933.673100886655
32966.30788767333,36778.75319530908,26,17181.67702852989
40482.53494045335,23459.243168725763,34,8809.44781843973
81072.8359321568,11693.671031435431,42,10230.01373626637
41012.02222336114,35112.02599524981,33,5476.92812503117
112647.64129674781,43736.58545162958,42,15863.784226337224
69866.35801761778,28625.51485372308,38,13327.084118458893
63696.72247389748,39528.74547202939,48,19706.087182318748
42832.84439637573,46122.78257988645,39,5608.3846141013055
74006.19758817983,43149.144535840474,48,8109.960504908914
48487.24347524452,46399.645293713926,43,11157.229612627862
62440.19629290723,37421.27491071892,37,13232.447688628854
111201.69076537588,30754.336389015927,29,8921.661812261838
58078.802005507,13980.341881028315,60,5635.194547731498
82985.46652571352,27539.375118700515,27,14407.037644617856
45936.47149748226,21567.534046838082,45,13605.676812727908
59300.23019006076,51709.42717497813,48,5418.629497181375
95416.0127127102,28241.141875676632,29,16777.21400552748
47460.65884424465,31232.04806784486,36,15850.99354598302
96248.97115993858,35514.85376040467,21,10671.482486238965
74155.0387091095,30436.024463724538,25,10397.989311880181
48750.66448211465,46950.510404307526,24,12770.288855579536
72648.15478111042,23773.50638265548,47,5691.48464871871
79451.0889925346,31946.074552372425,60,10150.157395820412
72436.19924434392,22575.294143019517,24,-761.9177230459027
28595.50560219087,16799.77488779294,37,14382.278227514678
45457.25648350263,23882.309090947147,45,2192.5338877907034
55049.6272889699,29629.63202951588,39,17517.099142144994
58511.33141799908,25706.9777548274,60,8349.399530167748
72413.44195101356,23075.79020126144,68,8941.665090344115
63554.020018665076,15936.825363281661,46,6861.330469577471
33293.11282579797,29168.944273713052,68,8559.805630389617
67603.95702011927,14952.796259689978,31,17092.656725740184
72211.71490567646,37600.559636896025,26,-2439.0432826753968
71195.8089586208,30824.39752934503,22,16384.82693044094
81615.61451109244,15424.485005350694,29,11690.117405508541
76678.44309097808,26907.909229501365,53,3964.891760713922
69183.60158456874,22478.43594409417,44,4623.438034753811
58596.68577082706,33191.7451041918,54,18381.965136041013
26780.78132968017,43404.504460231445,35,5272.465600286344
68592.36438265172,11248.275303542556,21,4233.247447020203
64153.75374326222,31150.26079147417,43,15686.572711823646
65431.57674390747,28398.672044333594,29,11692.764381429572
34465.02848359381,36713.40076450466,57,5310.372117318006
38378.869191834754,32131.966282376892,41,11083.124877023096
81063.05706665808,22480.30668261181,45,4871.236581798614
59208.8969228669,26809.46064333382,62,15504.106992113026
73630.01394745249,22039.74143196511,58,15306.854824365668
60566.367522609224,40760.07138598598,46,12660.030994109715
60595.1227899149,30213.116486719424,48,11808.305306235083
78765.67611951995,49011.90685753008,66,18805.94062433687
49679.10543565252,29393.391861853794,57,9998.431636941126
61922.41553881967,22915.93233089537,39,4090.6293728959945
50754.49422589915,14862.856073871728,46,12247.369564161534
51310.07545135369,11968.603237440548,60,20430.235247685567
53816.557530627215,14158.640569945102,39,4926.20253407074
64442.67543267426,32671.266510114834,63,8192.686166530071
50425.02756673045,35087.25023229934,38,12082.230190507264
85115.12251147041,14188.092979678666,39,9730.475754971305
42107.85395560992,38950.38314076116,54,5088.482098113427
56262.56711677282,25169.389483165607,66,15609.289281152354
51205.3788345165,31467.930119855493,21,21600.203610086297
88939.55768707466,46122.206282554245,49,10980.657295119538
63931.09553023149,38968.39315865532,53,5479.658551319999
80636.8907893727,27314.693520941677,41,2255.1973747326247
30288.79253926056,21088.077745847128,22,11289.879906105904
65341.00531738518,8481.84598670695,25,15519.386716581288
77792.61591246874,22808.466807575798,34,12375.838732476908
61645.67978550848,27888.697611723055,46,9987.98079540573
81309.60750130702,20128.204728488163,29,7053.641741053469
49654.230997992556,28687.430329076953,28,4539.181836409552
88186.9488037116,30768.518829587683,52,14173.756631624412
105977.962472385,27751.440181919214,51,14568.858106927928
52743.22879120682,23499.974191765403,67,2271.3510665463346
51089.949571984565,31686.546719667276,25,17949.194890903418
89067.68954235403,34419.40649569409,60,12870.356104470007
91591.44291461425,19096.00922557154,55,16997.973225728965
49542.799456934634,44109.3237974627,21,3289.3612575744246
51596.263658082855,29014.11867715738,48,3170.8792229228056
54364.30782278986,30188.496229448476,23,9255.153451163515
33110.98977931446,37082.14423256557,20,12513.922134475972
41626.961070316036,32332.161312635017,38,18981.80411463482
39917.184664958644,39531.36633913245,45,13530.394569075657
44644.04869791743,32871.241652018245,44,8786.593615939833
59306.30225226437,23875.62625359562,29,4868.1539616705395
64684.294650730415,33615.03525206102,34,16150.00286359575
91010.00985628154,18562.737926793383,41,5176.472871246426
40032.91918522418,31085.597057765233,67,18142.34277386161
79686.44796953167,29667.70009355539,40,8578.076751967454
55720.22311548982,27918.831427274603,41,17952.91036308925
59010.72580695134,28714.624885610694,55,13394.656450296392
73496.38984333207,11181.509545023608,53,9315.022552787708
37545.559568754026,24512.750922590385,49,7403.018140869367
67648.19492368102,30928.449011411147,44,8295.4606132696
63329.04416426112,31598.563919974004,64,12141.583461876187
69849.02528016298,19723.24859074042,47,10385.782481088583
65783.37287815637,42657.07840864701,20,7030.942959656474
109106.00279821789,21338.25151785499,68,9171.842948411839
47245.200314973685,39694.57200526737,64,10392.88514859575
49380.060899963646,34271.94361871685,23,-643.67047207406
47537.18947150471,23537.726901561968,26,12290.840573943493
48890.457616794905,47753.10892609512,68,5101.393876415966
47252.25745386965,18063.6316824352,28,4233.337983971275
83780.33062215103,39191.541736100015,55,1563.2782644464478
88410.0849597971,40005.82318042978,38,1030.537510660548
48585.07412501048,23293.79790923355,20,3222.7624844385537
43352.88853791542,43924.65300064329,29,6454.895211847548
69428.31112772808,27499.53485401047,55,19766.29568763284
48955.539114380575,32886.93629279857,28,7370.60162052398
72658.63635511021,32603.218387712208,64,10888.750531340156
64058.46041702599,28656.91258529452,65,12002.406932531643
29685.11770005536,38108.082731597824,61,10655.325931079244
90950.10402660123,37934.88720552213,51,9612.782696370032
95917.55346191043,12514.68026761819,51,4023.531182003777
47744.22619031228,43043.40242878153,25,17254.637741396058
52245.968801280316,13375.080119643259,67,19035.983218189423
65717.3078144981,40325.46204341657,57,1586.7065293865708
66689.1357997405,41267.05136827583,36,4879.857045568102
73170.8854534566,19090.335697848015,29,8600.948288114969
100204.090775327,25891.85712045415,69,5177.311025449043
56461.05545011901,18942.953315140643,46,12529.827767279327
44034.055109230925,27850.789697112647,69,6358.638987966935
32413.615439709454,26919.65715814259,54,20825.280339033012
45381.39920116162,37796.6053226934,40,15952.74297171798
59337.46054252406,43103.08746119608,44,11062.870153161075
95891.15727035576,43956.83810789956,47,15134.93131659866
49647.77401927657,24378.31973421698,66,15529.502121786545
64475.75903277797,27907.781262554723,34,7180.2625597087845
59671.54207854496,13165.6180777905,23,5918.913777290176
83767.86546896168,21941.29933503811,48,10390.715314848238
110538.64851747244,39648.51633097458,28,14308.18062248972
49382.624541593585,46155.82823548232,46,10695.301993267089
50211.21114963556,17656.51128120078,45,2115.0175890450137
80883.21754138144,24075.357408471056,38,5985.877780245788
73637.82979252623,29735.94243041073,47,9630.13568202811
96934.14651472066,32801.611588196065,36,9621.671978370849
71678.56370651929,21903.96480078354,62,19862.71088394904
52814.158184258806,34240.6104446409,60,3070.06028800501
71813.09661384618,25261.60652929084,61,12527.946209179372
82174.07161165815,29855.47729121721,69,17445.56554164145
76409.64362394728,35462.842480037,39,21357.24872711398
70145.48062214596,30064.222698109377,64,7978.0128840801935
81333.49379178308,25636.141094734314,59,12457.147263600998
83385.91180891346,28903.901960741692,58,12848.801785993235
87643.17982075055,29116.370407946648,68,10977.408657766455
72974.19775179285,26299.889701178723,42,9505.77399380347
56657.63839366291,27412.039373328975,66,12179.87694750023
62934.273728666456,45986.471705047166,51,-2661.2304260984274
84130.17933016713,35609.194479412385,66,13410.347450313157
43661.28658025528,27045.196819708395,52,10630.889518309836
67373.46617745803,36969.54404510736,65,8887.625516108674
52133.22375345279,26661.8051024399,24,20234.310978597787
60574.89645869635,41731.24637586641,62,6625.329906047238
85569.03725214598,33696.42192198094,67,7984.620054674846
63821.981360398066,28926.97855995771,53,19957.76651102367
60928.73096312297,34477.169258102775,59,5839.693475750717
32802.877180401614,14291.238479315007,30,7249.423585317305
74925.07132054442,18732.32531090195,69,9264.87288284575
72909.68362282151,18060.749936009444,22,14203.672410647745
103265.0944661092,31429.43094763707,52,11039.012536766568
53844.435300939986,47325.149994850915,30,3536.8732642386867
64383.00655327878,52313.001461926324,35,7339.157184364052
64987.673674215104,36380.51101440757,37,6963.227833938943
91549.0655952695,35008.44474944457,49,9613.894773884773
58094.089352260955,11989.42265847261,67,12129.218293149146
65580.43051540678,24573.262002659783,29,12091.028779439861
72157.93019433078,22122.16248091761,37,1119.9412297579893
63732.18246312716,23791.52401748884,57,15319.70493780428
51071.32770898943,28318.561814152104,38,11262.844229983117
63881.79985796615,25279.094223028726,55,16922.660237969532
81472.63499719545,10207.001896242124,32,12220.99163645336
39469.694011778796,37479.102561175336,65,15506.614788678811
62659.39348293752,19272.569742601932,22,12332.726557250635
45997.583701216536,32392.468641111496,29,16731.12878101374
83900.93257849685,50740.82669749974,57,12611.253180088894
29536.261904324507,20806.154084135764,20,9510.42376778548
48821.563054568236,4697.124772536703,46,21362.17360223441
67544.23750129042,27139.957781198893,65,14445.18561139946
91310.48058468681,41009.59634998571,27,12868.722105022065
58684.99477854025,49583.474542205935,65,3618.4779173083207
48896.009466136034,17704.50405547583,61,3558.461912682312
97623.14138881181,34966.99223236521,36,11463.577410709267
31039.72199167512,25346.895432199468,28,10727.605988841204
16023.88086759836,28940.516456958645,25,6929.38717495842
68800.28900106665,56443.43347017035,62,10704.9134980603
49958.91551294777,14970.296716048468,44,17943.134640217977
39575.34365738573,32537.396614945734,58,13477.012372751493
74167.12894598706,34676.93171765433,68,4294.957451236309
64876.01427542398,40857.86324939347,47,9442.45586428528
48718.42738526543,30979.831534708956,52,5975.167595737195
34393.91202658211,33080.50539504102,56,8061.500417957194
77449.14656560289,26083.51432578209,28,7931.921671851786
73004.02355917322,32691.269412451074,37,7611.772086979974
58016.482724412344,26568.077245025896,40,3724.323140133026
96932.73992095332,36215.71889856051,21,9361.72659240905
38598.304673476945,26303.89663956366,62,7196.96181576345
29489.496581505224,33771.003939021866,57,-4647.2434500113395
46161.83860237511,29707.371863150216,59,20264.860122508315
59088.27967289004,41260.502507721685,55,15443.84827108336
64866.78898645384,29486.062764115137,69,8118.49637537502
55175.278842873406,12269.675317931185,62,10094.095248702992
67041.10793028594,42619.215007139916,56,4141.728263412191
34969.21151619112,20942.67699137381,34,18478.614389054324
88875.29208146519,23462.3366135118,47,19486.44347386556
58356.97643214862,24043.38705956508,37,10783.468641232623
82345.91663176255,43744.380931708176,53,15117.653220926724
66854.50692755409,8643.257860213045,41,10876.433894669619
69135.06438307567,61377.48533659994,30,3316.372805620347
71395.34560464408,40560.56809066052,32,7940.883155181713
68954.1712003463,32232.3891412916,23,10659.639833859785
72854.45519735088,29451.059993837138,41,7727.26140628278
86583.05060264863,32855.54074857657,26,8906.73361282482
63930.4233940294,35211.22428379338,62,9543.002212454428
74180.07515177024,36452.15585950057,43,9595.607510672693
58205.28611425547,35556.04466003449,23,10261.292452487416
88802.34430898946,30895.806812552488,47,4696.974668016996
46472.153958814604,28026.61579692674,34,6414.9192543603185
96018.80865821632,28487.267163464883,20,3577.078671500153
59196.84098711313,28050.91719647319,22,14889.077748431002
31384.497957639036,41337.700968670644,33,-528.2347092016225
62562.088298215785,35935.56722280862,57,15767.951716584626
46378.96685050239,596.1136533571989,69,16931.746986314218
76812.87097977448,36559.00776529761,20,8489.097065086893
46947.52041395218,31947.36194718775,57,-3015.6854391364923
51076.33133570441,29812.912435541024,57,8193.447190163548
22209.18538108938,26114.81546911114,40,9679.079193555903
50953.87361501846,41241.12719986014,67,4947.008900355433
11522.413467420869,39475.264621228576,48,7423.908030958786
28321.943530285535,22271.223321763908,24,17650.975994316756
75208.29312288595,34070.52287124535,68,13324.635811508706
75716.00317301665,20283.43265458714,29,5377.1794281095
68509.15123569929,16203.818352110695,47,2012.0041520228397
40660.47713741574,23732.827754100348,40,8364.913411951144
59045.7728771604,38623.93472382759,69,8932.716103247809
59927.94921818863,39531.25045376087,26,12480.995936816582
36832.70621614915,35130.85420097293,22,7323.416437161704
90067.96603534301,37250.95786847997,64,12557.497876809306
77547.24581151342,35161.78287114958,66,19675.770200301144
55580.71652340672,23585.18404777048,39,14077.505112221314
60537.716779890616,34319.22544673941,38,9759.557463346137
64167.65615895105,38004.09525227682,54,9084.247644733527
19165.30263151419,37542.91329813574,23,8216.634329100643
55056.452349588064,41889.13371474643,24,15903.204562260722
46360.31504004403,37083.03847201064,20,6863.432770243486
39967.599802101686,33514.48207541583,23,10226.113544999913
54377.994142280906,40701.502383164276,31,10255.989509405426
95953.73053699045,29734.7874075094,46,7491.07903594234
72816.8572253402,21181.253487722825,61,3137.6722605794957
48576.42020434406,28369.330360562362,42,11614.872518088341
71451.65562712317,22550.97355193551,44,9694.980140723083
